scientificName,vernacularName,family,habito,condicion,nota
Desmanthus virgatus,,Fabaceae,Subarbusto,Silvestre,Leguminosa forrajera reconocida para trópico seco.
Amaranthus sp.,,Amaranthaceae,Hierba,Silvestre,"Comparar con A. urceolatus (VF-008, VF-037) antes de rotular."
Bidens pilosa,,Asteraceae,Hierba anual,Silvestre,Maleza común; consumida por caprinos en estado tierno.
Heliotropium sp.,,Heliotropiaceae,Hierba,Silvestre,Comparar con H. angiospermum (VF-009) antes de rotular.
Solanum sp.,,Solanaceae,Hierba,Silvestre,Comparar con S. pimpinellifolium (VF-010) antes de rotular.
Euphorbia thymifolia,,Euphorbiaceae,Hierba,Silvestre,
Cajanus cajan,,Fabaceae,Arbusto,Cultivada,Leguminosa cultivada (frijol de palo). Evaluar si entra al herbario de flora silvestre o a una colección de forrajeras cultivadas.
Sorghum sp.,,Poaceae,Hierba,Por verificar,"Determinar especie; si es cultivado, evaluar colección aparte."
Cucumis dipsaceus,Meloncito,Cucurbitaceae,Trepadora,Silvestre,"""Meloncito"". Distinta de Cucumis anguria (VF-019)."
Maytenus octogona,planta de Ucupe,Celastraceae,Arbusto,Silvestre,"""Planta de Ucupe"". Arbusto de lomas y bosque seco costero."
Albizia saman,zamango,Fabaceae,Árbol,Silvestre,"""Zamango"". Árbol de sombra; vainas consumidas por el ganado."
Malvastrum tomentosum,balsillo,Malvaceae,Subarbusto,Silvestre,"""Balsillo""."
Sesuvium portulacastrum,verbena salada,Aizoaceae,Hierba perenne,Silvestre,"""Verbena salada"". Halófita de suelos salinos costeros."
