catalogNumber,taxonID,scientificName,family,vernacularName,eventDate,recordedBy,locality,verbatimLocality,municipality,stateProvince,countryCode,decimalLatitude,decimalLongitude,geodeticDatum,verbatimCoordinates,minimumElevationInMeters,associatedMedia,basisOfRecord,institutionCode,collectionCode,occurrenceRemarks,rotulo_familia,rotulo_nombre
VF-001,sp-cryptocarpus-pyriformis,Cryptocarpus pyriformis,Nyctaginaceae,"Chope, ensalada",2025-09-22,Armando Vega Lopez,"EEA Vista Florida, Picsi",PICSI: Colectada al interior de la EEA Vista Florida (INIA). Altitud: 39 m.s.n.m.,Picsi,Lambayeque,PE,-6.727067,-79.784985,WGS84,17S 634286 9256256,39,img/VF-001.jpg,PreservedSpecimen,INIA,VF,,Nyctaginaceae,Cryptocarpus pyriformis
VF-002,sp-cordia-lutea,Cordia lutea,Boraginaceae,Flor de overo,2025-09-02,Armando Vega Lopez,"EEA Vista Florida, Picsi",PICSI: Colectada al interior de la EEA Vista Florida (INIA). Altitud: 39 m.s.n.m.,Picsi,Lambayeque,PE,-6.72721,-79.780787,WGS84,17S 634750 9256239,39,img/VF-002.jpg | img/VF-002-2.jpg,PreservedSpecimen,INIA,VF,,Boraginaceae,Cordia lutea Lam.
VF-003,sp-macroptilium-atropurpureum,Macroptilium atropurpureum,Fabaceae,"Siratro, frijol morado",2025-08-15,Armando Vega Lopez,"EEA Vista Florida, Picsi",PICSI: Colectada al interior de la EEA Vista Florida (INIA). Altitud: 39 m.s.n.m.,Picsi,Lambayeque,PE,-6.72721,-79.780787,WGS84,17S 634750 9256239,39,img/VF-003.jpg,PreservedSpecimen,INIA,VF,,Fabaceae,Macroptilium atropurpureum
VF-004,sp-cynodon-dactylon,Cynodon dactylon,Poaceae,"Grama comun, pasto bermuda",2025-09-02,Armando Vega Lopez,"EEA Vista Florida, Picsi",PICSI: Colectada al interior de la EEA Vista Florida (INIA). Altitud: 39 m.s.n.m.,Picsi,Lambayeque,PE,-6.727134,-79.782859,WGS84,17S 634521 9256248,39,img/VF-004.jpg,PreservedSpecimen,INIA,VF,,Poaceae,Cynodon dactylon
VF-005,sp-rhynchosia-minima,Rhynchosia minima,Fabaceae,"Frijolillo, lentejilla",2025-09-10,Armando Vega Lopez,"EEA Vista Florida, Picsi",PICSI: Colectada al interior de la EEA Vista Florida (INIA). Altitud: 39 m.s.n.m.,Picsi,Lambayeque,PE,-6.727643,-79.783943,WGS84,17S 634401 9256192,39,img/VF-005.jpg,PreservedSpecimen,INIA,VF,,Fabaceae,Rhynchosia minima
VF-006,sp-taraxacum-officinale,Taraxacum officinale,Asteraceae,"Diente de leon, achicoria amarga",2025-09-10,Armando Vega Lopez,"EEA Vista Florida, Picsi",PICSI: Colectada al interior de la EEA Vista Florida (INIA). Altitud: 39 m.s.n.m.,Picsi,Lambayeque,PE,-6.727211,-79.781058,WGS84,17S 634720 9256239,39,img/VF-006.jpg,PreservedSpecimen,INIA,VF,Taraxacum officinale es una maleza de clima templado; su presencia a 39 m en bosque seco costero es poco común. Se recomienda revisar la determinación.,Asteraceae,Taraxacum officinale
VF-007,sp-chamaecrista-sp,Chamaecrista sp.,Fabaceae,Algarrobillo,2025-08-12,Armando Vega Lopez,"EEA Vista Florida, Picsi",PICSI: Colectada al interior de la EEA Vista Florida (INIA). Altitud: 39 m.s.n.m.,Picsi,Lambayeque,PE,-6.726462,-79.782037,WGS84,17S 634612 9256322,39,img/VF-007.jpg,PreservedSpecimen,INIA,VF,,Fabaceae,Chamaecrista sp.
VF-008,sp-amaranthus-urceolatus,Amaranthus urceolatus,Amaranthaceae,Chenox,2025-09-02,Armando Vega Lopez,"EEA Vista Florida, Picsi",PICSI: Colectada al interior de la EEA Vista Florida (INIA). Altitud: 39 m.s.n.m.,Picsi,Lambayeque,PE,-6.726281,-79.781938,WGS84,17S 634623 9256342,39,img/VF-008.jpg,PreservedSpecimen,INIA,VF,,Amaranthaceae,Amaranthus urceolatus
VF-009,sp-heliotropium-angiospermum,Heliotropium angiospermum,Boraginaceae,Cola de alacrán,2025-09-02,Armando Vega Lopez,"EEA Vista Florida, Picsi",PICSI: Colectada al interior de la EEA Vista Florida (INIA). Altitud: 39 m.s.n.m.,Picsi,Lambayeque,PE,-6.726363,-79.782182,WGS84,17S 634596 9256333,39,img/VF-009.jpg,PreservedSpecimen,INIA,VF,Rotulado en Boraginaceae; VF-033 (Euploca) está en Heliotropiaceae. Unificar criterio de familia para el género Heliotropium/Euploca.,Boraginaceae,Heliotropium angiospermum
VF-010,sp-solanum-pimpinellifolium,Solanum pimpinellifolium,Solanaceae,"Tomatillo, tomate silvestre",2025-09-02,Armando Vega Lopez,"EEA Vista Florida, Picsi",PICSI: Colectada al interior de la EEA Vista Florida (INIA). Altitud: 39 m.s.n.m.,Picsi,Lambayeque,PE,-6.726064,-79.781857,WGS84,17S 634632 9256366,39,img/VF-010.jpg,PreservedSpecimen,INIA,VF,,Solanaceae,Solanum pimpinellifolium
VF-011,sp-euphorbia-ophthalmica,Euphorbia ophthalmica,Euphorbiaceae,"4 hojas, lecherillo",2025-08-12,Armando Vega Lopez,"EEA Vista Florida, Picsi",PICSI: Colectada al interior de la EEA Vista Florida (INIA). Altitud: 39 m.s.n.m.,Picsi,Lambayeque,PE,-6.726336,-79.782019,WGS84,17S 634614 9256336,39,img/VF-011.jpg,PreservedSpecimen,INIA,VF,,Euphorbiaceae,Euphorbia ophthalmica
VF-012,sp-simsia-dombeyana,Simsia dombeyana,Asteraceae,Flor de sol,2025-09-02,Armando Vega Lopez,"EEA Vista Florida, Picsi",PICSI: Colectada al interior de la EEA Vista Florida (INIA). Altitud: 39 m.s.n.m.,Picsi,Lambayeque,PE,-6.726544,-79.78201,WGS84,17S 634615 9256313,39,img/VF-012.jpg,PreservedSpecimen,INIA,VF,,Asteraceae,Simsia dombeyana
VF-013,sp-indeterminada-vf-013,,,,2025-09-02,Armando Vega Lopez,"EEA Vista Florida, Picsi",PICSI: Colectada al interior de la EEA Vista Florida (INIA). Altitud: 39 m.s.n.m.,Picsi,Lambayeque,PE,-6.726363,-79.782182,WGS84,17S 634596 9256333,39,img/VF-013.jpg,PreservedSpecimen,INIA,VF,"Ejemplar sin determinar (familia y especie con ""…"" en el rótulo).",…,…
VF-014,sp-ipomoea-heptaphylla,Ipomoea heptaphylla,Convolvulaceae,Campanilla,2025-09-02,Armando Vega Lopez,"EEA Vista Florida, Picsi",PICSI: Colectada al interior de la EEA Vista Florida (INIA). Altitud: 39 m.s.n.m.,Picsi,Lambayeque,PE,-6.726725,-79.782109,WGS84,17S 634604 9256293,39,img/VF-014.jpg,PreservedSpecimen,INIA,VF,"Ortografía corregida: ""Ipomea"" → Ipomoea. Verificar la determinación a especie y su distribución en el norte del Perú.",Convolvulaceae,Ipomea heptaphylla
VF-015,sp-ruellia-floribunda,Ruellia floribunda,Acanthaceae,"Cangrejo de monte, Monte gallinazo",2025-08-12,Armando Vega Lopez,"EEA Vista Florida, Picsi",PICSI: Colectada al interior de la EEA Vista Florida (INIA). Altitud: 39 m.s.n.m.,Picsi,Lambayeque,PE,-6.726336,-79.782019,WGS84,17S 634614 9256336,39,img/VF-015.jpg,PreservedSpecimen,INIA,VF,,Acanthaceae,Ruellia floribunda
VF-016,sp-portulaca-halimoides,Portulaca halimoides,Portulacaceae,Moradito,2025-09-02,Armando Vega Lopez,"EEA Vista Florida, Picsi",PICSI: Colectada al interior de la EEA Vista Florida (INIA). Altitud: 39 m.s.n.m.,Picsi,Lambayeque,PE,-6.726306,-79.784724,WGS84,17S 634315 9256340,39,img/VF-016.jpg,PreservedSpecimen,INIA,VF,Nombre científico ausente en la hoja ROTULOS; recuperado del rótulo del reporte Word (mismo nombre común y coordenadas).,Portulacaceae,Portulaca halimoides
VF-017,sp-delilia-biflora,Delilia biflora,Asteraceae,Lentejilla,2025-09-02,Armando Vega Lopez,"EEA Vista Florida, Picsi",PICSI: Colectada al interior de la EEA Vista Florida (INIA). Altitud: 39 m.s.n.m.,Picsi,Lambayeque,PE,-6.726958,-79.784931,WGS84,17S 634292 9256268,39,img/VF-017.jpg,PreservedSpecimen,INIA,VF,,Asteraceae,Delilia biflora
VF-018,sp-colicodendron-scabridum,Colicodendron scabridum,Capparaceae,Zapote,2025-09-02,Armando Vega Lopez,"EEA Vista Florida, Picsi",PICSI: Colectada al interior de la EEA Vista Florida (INIA). Altitud: 39 m.s.n.m.,Picsi,Lambayeque,PE,-6.728036,-79.781861,WGS84,17S 634631 9256148,39,,PreservedSpecimen,INIA,VF,,Capparaceae,Colicodendron scabridum
VF-019,sp-cucumis-anguria,Cucumis anguria,Cucurbitaceae,Sandía de burro,2025-08-12,Jorge Salinas Marcos,Bosque seco de Olmos,OLMOS: Durante salida de campo en Investigacion B. seco Altitud: 170 m.s.n.m.,Olmos,Lambayeque,PE,-5.991436,-79.759881,WGS84,17S 637256 9337587,170,,PreservedSpecimen,INIA,VF,,Cucurbitaceae,Cucumis anguria
VF-020,sp-chloris-virgata,Chloris virgata,Poaceae,Rabo de zorro,2025-09-10,Jorge Salinas Marcos,El Edén – Pañalá Chico,El Edén: Durante salida de campo en Investigacion de Bosque Seco (Pañalá chico). Altitud: 25 m.s.n.m.,,Lambayeque,PE,-6.320139,-80.234131,WGS84,17S 584710 9301344,25,,PreservedSpecimen,INIA,VF,,Poaceae,Chloris virgata
VF-021,sp-aristida-adscensionis,Aristida adscensionis,Poaceae,Arista triple,2025-09-02,Jorge Salinas Marcos,La Zaranda,La Zaranda: Durante salida de campo en Investigacion Bosque Seco. Altitud: 98 m.s.n.m.,,Lambayeque,PE,-6.500258,-79.733183,WGS84,17S 640076 9281320,98,,PreservedSpecimen,INIA,VF,,Poaceae,Aristida adscensionis
VF-022,sp-indigofera-microcarpa,Indigofera microcarpa,Fabaceae,Alfalfilla,2025-08-12,Jorge Salinas Marcos,El Edén – Pañalá Chico,El Edén: Durante salida de campo en Investigacion de Bosque Seco (Pañalá chico). Altitud: 25 m.s.n.m.,,Lambayeque,PE,-6.319974,-80.232359,WGS84,17S 584906 9301362,25,,PreservedSpecimen,INIA,VF,,Fabaceae,Indigofera microcarpa
VF-023,sp-pseudabutilon-umbellatum,Pseudabutilon umbellatum,Malvaceae,Semilla fea,2025-08-16,Jorge Salinas Marcos,Bosque seco de Olmos,OLMOS: Durante salida de campo en Investigacion B. seco Altitud: 170 m.s.n.m.,Olmos,Lambayeque,PE,-5.991436,-79.759881,WGS84,17S 637256 9337587,170,,PreservedSpecimen,INIA,VF,,Malvaceae,Pseudabutilon umbellatum
VF-024,sp-desmodium-tortuosum,Desmodium tortuosum,Fabaceae,Miñate,2025-08-16,Jorge Salinas Marcos,Bosque seco de Olmos,OLMOS: Durante salida de campo en Investigacion B. seco. Altitud: 170 m.s.n.m.,Olmos,Lambayeque,PE,-5.991436,-79.759881,WGS84,17S 637256 9337587,170,,PreservedSpecimen,INIA,VF,,Fabaceae,Desmodium tortuosum
VF-025,sp-lobelia-xalapensis,Lobelia xalapensis,Campanulaceae,Flor morada,2025-08-16,Jorge Salinas Marcos,Bosque seco de Olmos,OLMOS: Durante salida de campo en Investigacion de B. seco. Altitud: 170 m.s.n.m.,Olmos,Lambayeque,PE,-6.006337,-79.790066,WGS84,17S 633911 9335947,170,,PreservedSpecimen,INIA,VF,,Campanulaceae,Lobelia xalapensis
VF-026,sp-eragrostis-ciliaris,Eragrostis ciliaris,Poaceae,Plumerito,2025-08-12,Jorge Salinas Marcos,Bosque seco de Olmos,OLMOS: Durante salida de campo en Investigacion B. seco. Altitud: 170 m.s.n.m.,Olmos,Lambayeque,PE,-6.020866,-79.771757,WGS84,17S 635934 9334336,170,,PreservedSpecimen,INIA,VF,,Poaceae,Eragrostis ciliaris
VF-027,sp-beautempsia-avicennifolia,Beautempsia avicennifolia,Capparaceae,Vichayo,2025-08-20,Jorge Salinas Marcos,Bosque seco de Olmos,OLMOS: Durante salida de campo en Investigacion de B. seco. Altitud: 170 m.s.n.m.,Olmos,Lambayeque,PE,-6.023367,-79.802125,WGS84,17S 632572 9334067,170,,PreservedSpecimen,INIA,VF,,Capparaceae,Beautempsia avicennifolia
VF-028,sp-vallesia-glabra,Vallesia glabra,Apocynaceae,Kun kun,2025-08-20,Jorge Salinas Marcos,Bosque seco de Olmos,OLMOS: Durante salida de campo en Investigacion de B. seco. Altitud: 170 m.s.n.m.,Olmos,Lambayeque,PE,-5.977186,-79.777429,WGS84,17S 635317 9339167,170,,PreservedSpecimen,INIA,VF,,Apocynaceae,Vallesia glabra
VF-029,sp-physalis-pubescens,Physalis pubescens,Solanaceae,Capulí,2025-08-20,Jorge Salinas Marcos,Bosque seco de Olmos,OLMOS: Durante salida de campo en Investigacion de B. seco. Altitud: 170 m.s.n.m.,Olmos,Lambayeque,PE,-6.023715,-79.755905,WGS84,17S 637688 9334017,170,,PreservedSpecimen,INIA,VF,,Solanaceae,Physalis pubescens
VF-030,sp-portulaca-halimoides,Portulaca halimoides,Portulacaceae,Algodoncillo,2025-08-20,Jorge Salinas Marcos,Bosque seco de Olmos,OLMOS: Durante salida de campo en Investigacion B. seco. Altitud: 170 m.s.n.m.,Olmos,Lambayeque,PE,-5.999228,-79.78626,WGS84,17S 634334 9336732,170,,PreservedSpecimen,INIA,VF,,Portulacaceae,Portulaca halimoides
VF-031,sp-eragrostis-cilianensis,Eragrostis cilianensis,Poaceae,Poa,2025-08-20,Jorge Salinas Marcos,Bosque seco de Olmos,OLMOS: Durante salida de campo en Investigacion de B. seco. Altitud: 170 m.s.n.m.,Olmos,Lambayeque,PE,-5.986265,-79.772675,WGS84,17S 635841 9338162,170,,PreservedSpecimen,INIA,VF,,Poaceae,Eragrostis cilianensis
VF-032,sp-leptochloa-anisopoda,Leptochloa anisopoda,Poaceae,Paja de escoba,2025-08-20,Jorge Salinas Marcos,Bosque seco de Olmos,OLMOS: Durante salida de campo en Investigacion de B. seco. Altitud: 170 m.s.n.m.,Olmos,Lambayeque,PE,-5.990925,-79.769692,WGS84,17S 636170 9337646,170,,PreservedSpecimen,INIA,VF,,Poaceae,Leptochloa anisopoda
VF-033,sp-euploca-ferreyrae,Euploca ferreyrae,Heliotropiaceae,Romerillo,2025-08-18,Jorge Salinas Marcos,Bosque seco de Olmos,OLMOS: Durante salida de campo en Investigacion de B. seco. Altitud: 170 m.s.n.m.,Olmos,Lambayeque,PE,-5.967305,-79.759294,WGS84,17S 637327 9340255,170,,PreservedSpecimen,INIA,VF,,Heliotropiaceae,Euploca ferreyrae
VF-034,sp-turnera-pumilea,Turnera pumilea,Passifloraceae,Peluda,2025-08-18,Jorge Salinas Marcos,Bosque seco de Olmos,OLMOS: Durante salida de campo en Investigacion de B. seco. Altitud: 170 m.s.n.m.,Olmos,Lambayeque,PE,-5.98963,-79.760716,WGS84,17S 637164 9337787,170,,PreservedSpecimen,INIA,VF,,Passifloraceae,Turnera pumilea
VF-035,sp-acalypha-subcastrata,Acalypha subcastrata,Euphorbiaceae,Yuyo,2025-09-05,Jorge Salinas Marcos,Bosque seco de Olmos,OLMOS: Durante salida de campo en Investigacion de B. seco. Altitud: 170 m.s.n.m.,Olmos,Lambayeque,PE,-6.008983,-79.780168,WGS84,17S 635006 9335652,170,,PreservedSpecimen,INIA,VF,"Familia corregida: ""Euphorbioaceae"" → Euphorbiaceae.",Euphorbioaceae,Acalypha subcastrata
VF-036,sp-urochloa-fusca,Urochloa fusca,Poaceae,Anis blanco,2025-09-05,Jorge Salinas Marcos,Bosque seco de Olmos,OLMOS: Durante salida de campo en Investigacion de B. seco. Altitud: 170 m.s.n.m.,Olmos,Lambayeque,PE,-5.976691,-79.774593,WGS84,17S 635631 9339221,170,,PreservedSpecimen,INIA,VF,,Poaceae,Urochloa fusca
VF-037,sp-amaranthus-urceolatus,Amaranthus urceolatus,Amaranthaceae,Chenox,2025-08-20,Jorge Salinas Marcos,Bosque seco de Olmos,OLMOS: Durante salida de campo en Investigacion de B. seco. Altitud: 170 m.s.n.m.,Olmos,Lambayeque,PE,-5.986265,-79.772675,WGS84,17S 635841 9338162,170,,PreservedSpecimen,INIA,VF,,Amaranthaceae,Amaranthus urceolatus
VF-038,sp-cottea-pappophoroides,Cottea pappophoroides,Poaceae,Aristado,2025-08-20,Jorge Salinas Marcos,"Querpón, Olmos",OLMOS: Durante salida de campo en Investigacion de B. seco (Querpón). Altitud: 148 m.s.n.m.,Olmos,Lambayeque,PE,-5.698714,-79.876712,WGS84,17S 624388 9369979,148,,PreservedSpecimen,INIA,VF,,Poaceae,Cottea pappophoroides
VF-039,sp-eragrostis-cilianensis,Eragrostis cilianensis,Poaceae,Poa de Querpón,2025-08-20,Jorge Salinas Marcos,"Querpón, Olmos",OLMOS: Durante salida de campo en Investigacion de B. seco (Querpón). Altitud: 148 m.s.n.m.,Olmos,Lambayeque,PE,-5.696428,-79.8686,WGS84,17S 625287 9370230,148,,PreservedSpecimen,INIA,VF,,Poaceae,Eragrostis cilianensis
VF-040,sp-alternanthera-halimifolia,Alternanthera halimifolia,Amaranthaceae,Abrojo blanco,2025-08-20,Jorge Salinas Marcos,Bosque seco de Olmos,OLMOS: Durante salida de campo en Investigacion de B. seco (Querpón). Altitud: 170 m.s.n.m.,Olmos,Lambayeque,PE,-6.008352,-79.789411,WGS84,17S 633983 9335724,170,,PreservedSpecimen,INIA,VF,"El rótulo indica Querpón (170 m), pero las coordenadas caen en el bosque seco de Olmos, a ~34 km de los otros puntos de Querpón (VF-038, VF-039). Verificar localidad o coordenadas.",Amaranthaceae,Alternanthera halimifolia
VF-S/C,sp-indeterminada-vf-s-c,,,,2025-09-22,Armando Vega Lopez,"EEA Vista Florida, Picsi",PICSI: Colectada al interior de la EEA Vista Florida (INIA). Altitud: 39 m.s.n.m.,Picsi,Lambayeque,PE,-6.727143,-79.78285,WGS84,17S 634522 9256247,39,img/VF-SC.jpg,PreservedSpecimen,INIA,VF,"Ejemplar fotografiado en el reporte de avance (rótulo VF-003 antiguo, sin especie) que no figura en la hoja ROTULOS. Asignar código y determinar.",…,…
