taxonID,scientificName,scientificNameAuthorship,family,order,class,genus,vernacularName,habito,origen,interes_forrajero,descripcion
sp-cordia-lutea,Cordia lutea,Lam.,Boraginaceae,Boraginales,Magnoliopsida,Cordia,Flor de overo,Arbusto,Nativa,Medio,"Arbusto o árbol pequeño de hojas ovadas y ásperas al tacto. Flores tubulares amarillas, vistosas, agrupadas en cimas; fruto drupáceo blanquecino y mucilaginoso. Muy común en el bosque seco y el matorral costero del norte del Perú. Las cabras ramonean hojas y flores."
sp-cryptocarpus-pyriformis,Cryptocarpus pyriformis,Kunth,Nyctaginaceae,Caryophyllales,Magnoliopsida,Cryptocarpus,Chope | ensalada,Arbusto,Nativa,Medio,"Arbusto ramoso, a menudo postrado, de hojas algo carnosas. Flores pequeñas y verdosas en panículas terminales. Tolera suelos salinos y arenosos de la franja costera; forma matorrales densos que el ganado caprino ramonea."
sp-chloris-virgata,Chloris virgata,Sw.,Poaceae,Poales,Liliopsida,Chloris,Rabo de zorro,Hierba anual,Pantropical,Medio,"Gramínea anual con espigas digitadas, plumosas y aristadas, agrupadas en el ápice del tallo. Coloniza suelos removidos y bordes de campo en época de lluvias."
sp-macroptilium-atropurpureum,Macroptilium atropurpureum,(DC.) Urb.,Fabaceae,Fabales,Magnoliopsida,Macroptilium,Siratro | frijol morado,Trepadora,Nativa,Alto,"Leguminosa perenne, trepadora o rastrera, de hojas trifoliadas con folíolos a menudo lobulados. Flores púrpura oscuro y vainas lineares. Es la especie de la que proviene el cultivar forrajero Siratro."
sp-cynodon-dactylon,Cynodon dactylon,(L.) Pers.,Poaceae,Poales,Liliopsida,Cynodon,Grama comun | pasto bermuda,Hierba perenne,Introducida,Medio,"Gramínea perenne, estolonífera y rizomatosa, que forma céspedes densos. Espigas digitadas delgadas. Muy resistente al pastoreo y a la sequía; se comporta también como maleza de cultivos."
sp-aristida-adscensionis,Aristida adscensionis,L.,Poaceae,Poales,Liliopsida,Aristida,Arista triple,Hierba anual,Pantropical,Bajo,Gramínea anual de macollos finos con espiguillas de tres aristas largas. Las aristas maduras reducen su aceptación por el ganado.
sp-rhynchosia-minima,Rhynchosia minima,(L.) DC.,Fabaceae,Fabales,Magnoliopsida,Rhynchosia,Frijolillo | lentejilla,Trepadora,Pantropical,Medio,"Leguminosa herbácea, voluble o rastrera, de hojas trifoliadas con folíolos romboidales. Flores amarillas pequeñas y vainas cortas con una o dos semillas."
sp-taraxacum-officinale,Taraxacum officinale,F.H.Wigg.,Asteraceae,Asterales,Magnoliopsida,Taraxacum,Diente de leon | achicoria amarga,Hierba perenne,Introducida,,Hierba en roseta basal con hojas profundamente dentadas y látex blanco. Capítulos amarillos solitarios y frutos con vilano en forma de esfera.
sp-chamaecrista-sp,Chamaecrista sp.,,Fabaceae,Fabales,Magnoliopsida,Chamaecrista,Algarrobillo,Hierba,Por determinar,,"Leguminosa de hojas paripinnadas con folíolos pequeños, del grupo de las casias. Pendiente de determinación a nivel de especie."
sp-amaranthus-urceolatus,Amaranthus urceolatus,Benth.,Amaranthaceae,Caryophyllales,Magnoliopsida,Amaranthus,Chenox,Hierba anual,Nativa,,Hierba anual erecta de hojas alternas. Inflorescencias en glomérulos y espigas densas. Propia de la costa de Ecuador y Perú.
sp-heliotropium-angiospermum,Heliotropium angiospermum,Murray,Heliotropiaceae,Boraginales,Magnoliopsida,Heliotropium,Cola de alacrán,Subarbusto,Nativa,,"Hierba o subarbusto con inflorescencias escorpioides enrolladas en el ápice (de ahí ""cola de alacrán""), con flores blancas diminutas dispuestas en una sola hilera."
sp-solanum-pimpinellifolium,Solanum pimpinellifolium,L.,Solanaceae,Solanales,Magnoliopsida,Solanum,Tomatillo | tomate silvestre,Hierba,Nativa,,Hierba rastrera o semierecta de hojas compuestas y flores amarillas. Frutos rojos de un centímetro. Es pariente silvestre del tomate cultivado y tiene valor como recurso genético.
sp-euphorbia-ophthalmica,Euphorbia ophthalmica,Pers.,Euphorbiaceae,Malpighiales,Magnoliopsida,Euphorbia,4 hojas | lecherillo,Hierba,Nativa,,"Hierba postrada o ascendente con látex blanco, hojas opuestas y ciatios agrupados en cabezuelas axilares."
sp-simsia-dombeyana,Simsia dombeyana,DC.,Asteraceae,Asterales,Magnoliopsida,Simsia,Flor de sol,Subarbusto,Nativa,,Hierba o subarbusto de hojas ásperas y capítulos con flores liguladas amarillas.
sp-indeterminada-vf-013,,,Por determinar,,,,,,Por determinar,,Ejemplar pendiente de determinación taxonómica.
sp-ipomoea-heptaphylla,Ipomoea heptaphylla,,Convolvulaceae,Solanales,Magnoliopsida,Ipomoea,Campanilla,Trepadora,Por verificar,,Enredadera de hojas compuestas palmadas y flores en forma de campana. Determinación por verificar.
sp-ruellia-floribunda,Ruellia floribunda,Hook.,Acanthaceae,Lamiales,Magnoliopsida,Ruellia,Cangrejo de monte | Monte gallinazo,Subarbusto,Nativa,,Subarbusto de hojas opuestas y flores tubulares lilas a moradas. Característico del bosque seco de Ecuador y Perú.
sp-portulaca-halimoides,Portulaca halimoides,L.,Portulacaceae,Caryophyllales,Magnoliopsida,Portulaca,Moradito | Algodoncillo,Hierba anual,Nativa,,"Hierba anual suculenta y baja, de hojas cilíndricas con pelos en las axilas y flores amarillas pequeñas en el ápice de los tallos."
sp-delilia-biflora,Delilia biflora,(L.) Kuntze,Asteraceae,Asterales,Magnoliopsida,Delilia,Lentejilla,Hierba anual,Nativa,,Hierba anual ramificada de hojas opuestas y capítulos pequeños rodeados por una bráctea foliácea.
sp-colicodendron-scabridum,Colicodendron scabridum,(Kunth) Seem.,Capparaceae,Brassicales,Magnoliopsida,Colicodendron,Zapote,Árbol,Nativa,Medio,"Árbol del bosque seco con copa densa y hojas coriáceas, ásperas, perennes durante la estación seca. Flores con estambres largos y fruto en baya. Especie emblemática del bosque seco de Lambayeque."
sp-cucumis-anguria,Cucumis anguria,L.,Cucurbitaceae,Cucurbitales,Magnoliopsida,Cucumis,Sandía de burro,Trepadora,Introducida,,Cucurbitácea rastrera anual de hojas lobuladas y frutos pequeños cubiertos de espinas blandas.
sp-indigofera-microcarpa,Indigofera microcarpa,Desv.,Fabaceae,Fabales,Magnoliopsida,Indigofera,Alfalfilla,Subarbusto,Nativa,,Leguminosa herbácea o subarbustiva de hojas pinnadas y racimos de flores rosadas. Vainas cortas.
sp-pseudabutilon-umbellatum,Pseudabutilon umbellatum,(L.) Fryxell,Malvaceae,Malvales,Magnoliopsida,Pseudabutilon,Semilla fea,Subarbusto,Nativa,,"Malvácea subarbustiva de hojas cordadas y tomentosas, con flores amarillas en umbelas axilares."
sp-desmodium-tortuosum,Desmodium tortuosum,(Sw.) DC.,Fabaceae,Fabales,Magnoliopsida,Desmodium,Miñate,Subarbusto,Nativa,Alto,Leguminosa erecta de hojas trifoliadas y vainas articuladas retorcidas que se adhieren a la ropa. Reconocida como forrajera en el trópico americano.
sp-lobelia-xalapensis,Lobelia xalapensis,Kunth,Campanulaceae,Asterales,Magnoliopsida,Lobelia,Flor morada,Hierba anual,Nativa,,"Hierba delicada de flores moradas pequeñas, bilabiadas. Aparece en sitios húmedos y sombreados tras las lluvias."
sp-eragrostis-ciliaris,Eragrostis ciliaris,(L.) R.Br.,Poaceae,Poales,Liliopsida,Eragrostis,Plumerito,Hierba anual,Pantropical,Bajo,"Gramínea anual pequeña con panícula densa y espiguillas ciliadas, plumosas."
sp-beautempsia-avicennifolia,Beautempsia avicennifolia,(Kunth) Gaudich.,Capparaceae,Brassicales,Magnoliopsida,Beautempsia,Vichayo,Arbusto,Nativa,,Arbusto del bosque seco de hojas grisáceas y coriáceas. Flores blancas con estambres largos.
sp-vallesia-glabra,Vallesia glabra,(Cav.) Link,Apocynaceae,Gentianales,Magnoliopsida,Vallesia,Kun kun,Arbusto,Nativa,,"Arbusto de hojas lanceoladas, glabras y brillantes. Flores blancas pequeñas y frutos blancos translúcidos."
sp-physalis-pubescens,Physalis pubescens,L.,Solanaceae,Solanales,Magnoliopsida,Physalis,Capulí,Hierba anual,Nativa,,Hierba pubescente de flores amarillas con manchas oscuras y fruto en baya envuelta por un cáliz inflado.
sp-eragrostis-cilianensis,Eragrostis cilianensis,(All.) Vignolo ex Janch.,Poaceae,Poales,Liliopsida,Eragrostis,Poa | Poa de Querpón,Hierba anual,Introducida,Bajo,Gramínea anual de panículas grisáceas y espiguillas aplanadas. Glándulas en las quillas le dan un olor característico.
sp-leptochloa-anisopoda,Leptochloa anisopoda,,Poaceae,Poales,Liliopsida,Leptochloa,Paja de escoba,Hierba,Por verificar,,Gramínea de inflorescencia en racimos delgados. Determinación por verificar.
sp-euploca-ferreyrae,Euploca ferreyrae,,Heliotropiaceae,Boraginales,Magnoliopsida,Euploca,Romerillo,Subarbusto,Por verificar,,Heliotropiácea subarbustiva de hojas pequeñas y flores blancas. Determinación y distribución por verificar.
sp-turnera-pumilea,Turnera pumilea,L.,Passifloraceae,Malpighiales,Magnoliopsida,Turnera,Peluda,Hierba anual,Nativa,,Hierba pequeña y pubescente de flores amarillas solitarias en las axilas de las hojas.
sp-acalypha-subcastrata,Acalypha subcastrata,,Euphorbiaceae,Malpighiales,Magnoliopsida,Acalypha,Yuyo,Hierba,Por verificar,,Euforbiácea herbácea con brácteas foliáceas que envuelven las flores femeninas. Determinación por verificar.
sp-urochloa-fusca,Urochloa fusca,(Sw.) B.F.Hansen & Wunderlin,Poaceae,Poales,Liliopsida,Urochloa,Anis blanco,Hierba anual,Nativa,Medio,Gramínea anual de racimos unilaterales y espiguillas pardas. Frecuente en suelos húmedos tras las lluvias.
sp-cottea-pappophoroides,Cottea pappophoroides,Kunth,Poaceae,Poales,Liliopsida,Cottea,Aristado,Hierba perenne,Nativa,,"Gramínea perenne en macollos, con panícula de espiguillas de muchas aristas."
sp-alternanthera-halimifolia,Alternanthera halimifolia,(Lam.) Standl. ex Pittier,Amaranthaceae,Caryophyllales,Magnoliopsida,Alternanthera,Abrojo blanco,Subarbusto,Nativa,,"Subarbusto postrado de hojas opuestas grisáceas y glomérulos blancos, secos y espinosos al tacto (""abrojo blanco"")."
sp-indeterminada-vf-s-c,,,Por determinar,,,,,,Por determinar,,Ejemplar pendiente de determinación taxonómica.
